0,1,2,3,4,5,6,7,8,9,10,11,12,13,14,15,16,17,18,19,20,21,22,23,24,25,26,27,28,29,30,31,32,33,34,35,36,37,38,39,40,41,42,43,44,45,46,47,48,49,50,51,52,53,54,55,56,57,58,59,60,61,62,63,64,65,66,67,68,69,70,71,72,73,74,75,76,77,78,79,80,81,82,83,84,85,86,87,88,89,90,91,92,93,94,95,96,97,98,99
0.13686013299551975,0.243567924573796,0.8611662105470006,2.2611697794414893,2.3463805416904235,2.924994432223527,3.1985910117057443,3.903277434612205,3.966532558540588,4.023201400907306,4.12609228151704,4.169394034218174,4.374997406892375,4.915839405090632,5.233607948117091,5.497405858831283,5.521492167456831,5.864084155807652,5.995168109523563,6.651407459513442,6.722754141426189,6.8356556298871505,6.8629177512963215,7.4794165380114475,7.553328614233298,7.701497243971104,7.731125786265141,7.784979258892764,7.864695825487018,7.935235326556546,8.114010987848609,8.267519999402667,8.268844127268428,8.285696155628536,8.314582249030769,8.439760543137405,8.4569518345172,8.477444483624643,8.490226662580751,8.53208560174046,8.739583236579955,8.828620785488718,8.845759153559804,8.926232621663695,8.930043271791542,9.01592366396217,9.177519467072079,9.201049953344382,9.299941287673164,9.486739154041455,9.49973792333259,9.602273109850186,9.66497739345414,9.66960299418326,10.090525360468568,10.176575893406536,10.257502773074163,10.370689817750021,10.37423670352814,10.41829125057901,10.654404831852322,10.78858605603832,10.962950790756766,11.108941062293821,11.164359937881523,11.694597751327262,11.717078929123227,12.175568410943017,12.365426301038966,12.38252962313129,12.382626500860848,12.427509915328605,12.81827511762401,12.838267514439597,13.058745763887709,13.464776320690017,14.470500421084848,14.617871812742337,15.675021516830153,16.165294713772703,16.509925612652026,17.330267425861983,17.337527158586553,17.34999167343301,17.596892872399252,18.034876612201824,18.687100848501156,18.85076372841943,18.87759587334223,18.9328601205022,18.994513185283516,19.31795184447132,19.41954512736929,19.435986934329485,19.65015810990039,21.438773047716207,21.610765987682367,21.628161019257757,21.675068057225136,21.807425788467032
0.7155366841760631,1.1028630650248683,1.2300818231913135,2.5114193567219694,3.2439960974421167,4.082292527025852,4.305878206422281,4.547956467858998,4.856469126756861,5.016650265538136,5.2099274457962395,5.408119110211768,5.9502800843388615,6.078410725471641,6.095431477047051,6.461301294766157,6.4762632014587735,6.511806930236621,6.77726242044757,7.272515730916592,7.299118438941808,7.646457191965901,7.67355432807627,7.910686798391607,7.959019412577148,8.15760876985119,8.283625221751077,9.000794467854135,9.121480021367393,9.922965536041348,10.015487696250794,10.06894994512244,10.420747470891964,10.492022820705065,11.44473764128523,11.993145737920148,12.226403976820338,12.772701171169945,13.303139415273614,13.405585867720617,13.762132419530744,14.340921522641704,14.875277441370347,14.937704433726404,14.991171550234547,15.793509490244602,15.937169781201204,16.133264131614904,16.600892809226583,16.696618453878713,16.76434749678496,16.81903248285079,16.835658484807045,16.841348358064444,17.47170801791214,17.508910117486188,17.71617272791498,17.81591978292468,17.917081820977057,18.091988987712256,18.338956084210885,18.403224339005032,18.406397782760067,18.420678088511597,18.483047763812753,18.620559484146114,18.649467720577228,18.80597992352062,18.83009530564381,18.881074586737977,18.93625828198076,18.936496245089177,18.983729215490147,19.06176631323434,19.099548557465997,19.10929204505469,19.12364203956369,19.165110787811003,19.217221649204994,19.235508456219538,19.250576287878097,19.48919080342116,19.69038392776957,19.700189568775304,20.018224021918776,20.022522742846213,20.027765345681424,20.31552811827793,20.33072913379988,20.36342816281265,20.411330800558396,20.444432671040108,20.708896803171353,20.713167940338163,20.78579028314049,20.792644587526837,20.845623777537536,20.90872268799969,20.91593642223164,20.949584598084375
0.4257333586540667,0.6083067328874585,0.8565177939458972,1.1757919349453678,1.3250417071479104,1.6781833601007214,1.7196872674184767,1.9259643792626215,2.4154458132323673,2.5326836729203714,2.5696528032750114,2.953174153168823,3.6007968740893985,3.609990705254549,3.6118645290478892,3.7722837980598563,3.811594802853565,4.065084971194497,4.802882496925678,4.854078504342691,5.044674398742757,5.1305331852205525,5.205468120428463,6.152228141329297,6.18083552980209,6.5982751832118485,6.9844943150458,7.482550300520521,7.4955018930467325,7.505506193916124,7.666075328513908,8.83459863592622,9.23914738564608,9.409359010921163,9.413248120347474,10.116511073866212,10.308272458436042,10.35614565106356,10.569149402011002,10.970685306904706,11.097199582630637,11.437539073802853,11.495799369088635,11.511430482197445,11.511813968055726,11.541021541994644,11.704574923167499,11.797076351490626,11.940556789375755,12.011933765417636,12.07643542083969,12.224509910986502,12.765225966146696,12.847253275805615,13.283467171487933,13.406003695385458,13.515995283813563,13.644643913548,14.734734445975358,14.760618925438562,14.868982968363266,15.078591362072128,15.32016605695303,16.785204690125337,16.79210865771549,16.89878194840545,17.08442435621118,17.313486284982762,17.390041331367136,17.61321057545461,17.770020637689644,17.880581523623395,17.9449858904422,17.98400407910021,18.209933132953825,18.26588418061335,19.036044685919034,19.092652875496032,19.11893850581438,19.189040956513427,19.3816091737648,19.43018947980988,19.54024593603947,19.55065449057003,19.804993554839022,19.885004813355355,20.003944633396795,20.420517220309247,20.456708710675915,20.840012226585785,21.546705926545993,21.561297984206256,21.79583827584961,21.860972853344833,21.877145914973802,22.406380541495384,22.47736247590542,22.51982269867351,22.611107146134863,22.64384680091711
0.9853437035274013,1.3966095196486292,1.4684021285318496,2.1024367137014126,2.259071919896526,2.679761880528382,2.9113039070371074,3.549557912430662,3.593574443286506,3.605784520158567,3.791720046319677,3.870697495350337,3.9422128490296577,4.0109311442747,4.0488350953504355,4.224999341838961,4.362028883695573,4.565416185381195,5.124790780698094,5.352578386619154,5.904801489379632,6.658352516995144,6.71257517674167,6.770570868970449,6.794029573747549,6.897494588662931,7.196578080478934,7.3165734020538284,7.407314702553168,7.553377469894203,7.626724624367436,7.63747702483171,7.873658163696964,7.9681819298645,7.994935528279069,8.01757889145559,8.150636835000421,8.385466088591741,8.538245155568353,8.628060147358493,9.189192878329793,9.483048054583746,9.836462424167202,9.846859324457922,10.167751599518693,10.209104333347296,10.424571940225494,10.455886043852663,10.664092348377652,10.802967843192825,10.831488455842722,11.130838018646655,11.274744460904278,11.443972902576503,11.66344021948712,11.992841486200467,12.000458412595108,12.162794135243681,12.265207371792533,12.268636761008574,12.449292559193637,12.4634012599207,12.48517472893743,12.520817149209629,12.561178152303153,12.621270952831457,12.788465683639085,12.864738885809272,13.115363688556174,13.203348914658395,13.302645224020436,13.49630934345943,13.7647045175172,14.066387376163634,14.198203530563898,14.25625245550983,14.425329198573737,14.458480169724378,14.539942504023537,14.684127423808004,14.75583644986376,15.202923894219683,15.35104584617086,15.412110233551404,15.864545659234265,15.941272309207129,16.287238731786047,16.492065454535,16.56084453600337,16.6038183190406,16.614343742185305,16.682829411291934,16.693290023451706,16.98969076480231,16.993160373392758,16.9978271057413,17.120343024849856,17.15157970733494,17.428942259782634,17.43207365200276
0.004710325872297555,0.3813534167390391,0.5271080744924188,0.5966441705805947,0.8835340586303355,0.9697858893763855,1.1949103569574844,1.209159699703089,1.3340069318171581,1.644689211892474,1.9186992344618141,1.9385706901816349,1.9617434942805878,1.9691677299606305,1.9943889923172902,1.9948456348107153,2.0282604626173937,2.4706682944922287,2.491171728246173,2.660532996990791,2.8227073732588037,4.1044583756589335,4.391464240160992,4.664866683136356,4.955069308366255,5.459457323821502,5.493512809144979,5.598315116205244,6.028515738745919,6.18224988132383,7.331329739164002,7.438029229840908,7.679279699624067,8.099464035324898,8.218061384037869,8.735605308403924,9.067417855080327,9.194916677108854,9.442864490073076,9.529892472966864,9.635006365252977,9.737164066487033,9.872604560005458,9.9346098681789,9.983201080954249,9.983552013724655,10.274044367831811,10.540505331299556,10.78676885813034,10.856507469345303,11.215717354621443,11.343139618238366,11.719011427257314,11.789505012896633,12.022346781690308,12.974783849541788,13.208213937719718,13.32349800745594,13.543390380210074,13.758663911770775,13.84829577696873,13.946975035778372,14.369613209629136,14.835116517815809,15.039296047232927,15.841295501701472,16.00333775206993,16.434913718396515,16.449683813900645,16.656182255972382,16.707237280512732,17.384402509280257,17.624903069666473,17.65342140445216,17.761394285856447,17.8759806899919,17.97734546786367,18.244885059620046,18.882562387200586,19.411819026789463,19.570723703364134,19.624806962149187,19.840235532246435,20.75154394565307,20.846785076016538,20.99212036808355,21.06744963534902,21.1671065445223,21.18746293339071,21.218474886997985,21.36553073688737,21.45379094355837,21.920134902192455,21.929790370718916,21.947816954275748,22.18098431272937,22.29400814087836,22.36049231448411,22.4499157445814,22.532449785190142
0.12557058682266767,0.7989966974849965,0.9798017315581047,1.1027028280710136,1.2104561899551158,1.4959984362987295,1.9707513930528546,2.0609380877446797,2.3148609216095695,2.849353720334453,2.9303149714144037,3.058332979118747,3.206250769551104,3.3805842956214063,3.552530969080447,4.086758211661439,4.238293665195194,4.266284672833254,4.435175751341436,4.490463522913181,4.533611321370023,4.711825444115067,4.8134363370843145,4.907035753668552,5.9951259025380095,6.0553626875246085,6.406866763301862,6.500959270890694,6.96298051054844,7.068913337872911,7.365864357136569,7.369941120514605,7.419596136927824,7.4662697560514415,7.5043995807075365,7.656310539528972,7.779846627246216,7.838263638614007,8.028678715662275,8.149043734870244,8.467828686419884,8.57079768832153,8.67687098153212,8.759000784109306,8.92329967864255,8.935176854995948,8.972117062135464,9.267499797013182,9.568688752936508,9.711636089316327,10.116944874899941,10.205595594658137,10.223980269496053,11.0965145799129,11.436144480742996,11.636907697500831,11.83435814760194,11.962382472108189,12.395584868737277,12.492387804594498,12.528893333954118,12.900642543119197,13.167362975112587,13.169165068317616,13.191170099146373,13.267315174361707,13.464013516159156,13.743628283063904,14.586691620534232,14.843413643095,14.888646701392844,15.137203485231142,15.899226903806314,15.976684620477492,16.177679438077607,16.723268791174917,16.827568059514274,16.996363443428688,17.018374403993384,17.068813491802295,17.351904176264508,17.438238983802286,18.026328487858446,18.081644197269416,18.42863333334065,18.510050141504713,18.728273961452537,18.883952291092456,19.206788650376918,19.364327113755586,19.64862152111631,19.697621883668855,19.717538758898502,19.72591590873959,19.770951002763265,19.85599814463862,19.982486498988013,20.02468676612177,20.04201283443777,20.043971057604764
0.8730977357900044,1.1281609968209396,1.2626034718206833,1.4963800904915303,1.5969785482648673,1.6108109731454747,1.8514271743104522,1.9743050185544586,2.199498975586336,2.471862743564683,2.8862434284397915,3.0838070601980285,4.05696025555808,4.113940298845878,4.1482218836650695,4.22425195669871,4.35703896899195,4.387446823253005,4.443569739400216,4.46652663370099,4.637153198216487,4.647489341384425,4.681575712175811,4.720975912203076,4.872510407721579,4.925479941675559,4.944576910426407,4.999925704598671,5.025065112559986,5.05595492428173,5.125641097986119,5.153204442715575,5.25496710882071,5.368870575178505,5.701103169519952,6.053921496638944,6.060507775985452,6.180519829762184,6.1998121230633485,6.648672979990104,6.857769154916131,7.484351426796003,7.728298683292152,7.786442011095192,7.945809721942481,8.031816760778616,8.300683568923317,9.067537893140114,9.072483024892502,9.415095759004418,9.641431018826301,9.672238837757739,9.71106298547234,9.828110299302104,10.536639477453287,10.764674647708993,10.963999700537748,11.760368424974814,11.968524308239164,12.503954900966168,12.76962799791299,12.81083508280697,12.82907609316688,12.902207976675065,12.934069087347115,12.975346356649668,13.098301517672478,13.236333495331756,13.400010469531082,13.515173970887805,13.912673756696496,13.970041023382556,14.017014134100492,14.344572002555964,14.850010690630366,16.39936250804484,16.60526123188479,16.63862754934192,17.07003837355525,17.332293432639545,17.435415794947993,17.478945777247603,17.496497597901236,17.57079758004308,17.574239415629,17.868158421900958,17.98393508214184,18.112182168919595,18.703661910650112,18.751403902330242,18.82554260145567,18.96252544065154,18.99920809570555,19.082165697132243,19.104601901650156,19.261673045135833,19.343971144155706,19.470746518647665,19.728302362636352,20.211801519857293
0.01870540355350704,0.12747236319126848,0.14507743162016715,0.5074566019182256,1.320673842178465,1.5861005606706136,1.6842259264984856,1.8509586193796295,2.331639959548422,2.3730221456922536,2.552213077882664,2.6416869028406937,2.652231113714045,2.766020970621613,2.8946680702501077,2.9692366277235163,3.0596857829677546,3.265828799904388,3.2695472637199585,3.732953492095927,3.943628249258864,4.319523200434579,4.562105290675824,4.840135399911815,4.955099427418568,5.096338355831702,5.163271688287116,5.719579054143128,5.936879502159215,6.052794663516492,6.099044584866874,6.105190612253935,6.460115480869338,6.491149625542191,7.121860688183739,7.49263935824915,7.57061452153583,7.825078922424768,7.875034184314427,8.241928998384946,8.487795767505924,8.525234041164776,8.551010838744842,8.757529969256053,8.906168248844708,8.93242087030436,9.011339626905455,9.383037747337996,9.432508271628823,9.954304490112728,9.984752088780885,10.557354403895458,10.716616217767665,10.721973641434209,10.935408348304597,11.041277859210222,11.232227300222586,11.546800407020978,11.561768911268144,11.836630428735816,11.902593831442925,11.995520335883096,12.071124302470203,12.483573931343757,12.53225327762307,12.801402349486493,12.863685251815928,13.0008389484183,13.083558705569354,13.30413318153843,13.313096740845511,13.41553098200985,13.728269435502073,14.163325353352297,14.351895606181811,14.616662341566354,14.75521521463761,14.95342339866087,15.076647642468112,15.552871619354443,15.736985627616042,15.831257151861763,15.973211116758376,16.398441861442723,16.720090253763956,17.507032086110424,17.56868654354475,17.578182519314378,17.776314732455983,17.790884922134822,17.791006657227165,17.884895758571904,17.97541998600602,18.05398190063099,18.44977308562642,18.54895114480789,18.552915693025025,18.57648040405836,18.57882075816398,18.86586293045048
0.06913644487840875,0.09417062728043182,0.20429523509274092,0.23757519196974916,0.5749150859160946,0.6031100681261387,0.6437777841889637,0.8289098887423724,0.8592022662990244,0.8881641213867211,1.1002819701329272,1.1334699284068726,1.1442841652392328,1.244906766594165,1.3551937712134325,1.5150271301472813,1.5326894206581347,1.546235356622424,1.6109970360822408,1.6676807646006635,1.689986950655944,1.7061347844342238,1.7884960647335897,1.8172291257583515,1.8301352659949004,1.8542632040739173,1.8602474863156981,1.9812228819709474,2.0029745258912706,2.2707708447276684,2.5939715086437856,2.998604990240482,3.3290248260615902,3.6013620436767035,4.029644808923394,5.040798068822092,5.588978367830922,5.690742578043973,5.697580885884229,5.843897667557055,6.078881129317645,6.119346188160856,6.50200084778893,6.6616941272022885,6.7651625171170195,6.896464046241342,7.042268236360491,8.563783838922713,8.777028906650493,9.045954210736891,9.589802177128787,9.86297630754785,10.463174649005394,11.071833928839078,11.130603967393808,11.633852067662483,11.684403187983968,11.758713598231054,11.979626011626445,12.311988544258659,12.317675461975735,12.641679391197973,12.895737942726125,12.944154200325999,12.944320147874265,13.084725521029734,14.55280792818553,15.357404714706378,15.403643683585566,15.73621343819243,15.786648443930277,15.907525803688214,16.12137939671009,16.16023497760292,16.29371532112522,16.84298832067274,17.339097016697703,17.593633081153428,18.310638776242754,18.440839644283887,18.567295833848817,18.609237653087305,18.649939330867177,18.686183574412127,18.81402434794529,18.854268284837115,19.225853223573797,19.349382487828315,19.776891300078855,19.966233334167292,20.06777916994624,20.204885971035146,20.670305896040485,20.771704819527464,21.634854085444204,21.923820233268128,21.993516675864036,22.088849289241875,22.764408863631434,22.823509930933472
0.015272191573395436,0.40341564683224096,0.6713156710179654,0.8438072926246217,1.3118646247371817,1.3681121177252649,1.6789927556906579,1.6914391762385712,2.0073934545990486,2.114900800282908,2.3542233687581886,2.3628990520292272,2.5441775109349822,2.605440751854966,2.7038648711922537,2.7309661925968194,2.8377032317751922,3.0073938601440493,3.147535759397276,3.450766164020448,3.4706447115789496,3.6288522922409125,3.629902715921832,3.6966537466132334,3.7724374487172945,3.790629442168939,3.98156255787101,4.166452515103714,4.2347230881140145,4.329538721467936,4.495681192216382,4.607470256166106,4.612269900595128,4.812296785707402,4.851188800026725,4.855038709252942,4.901516918146958,5.211470421681967,5.747442059865507,6.051486990450558,6.3435268102299665,6.660357630333154,7.783420158732265,8.220795547591177,8.268664747878015,8.405529996505159,8.406695903728956,8.50065973142021,8.518130715043997,8.695375112708998,8.80192262785651,8.839679569991047,8.909760957815665,9.240151047907469,9.250289074510912,9.267789625506905,9.6831318670912,9.793653768864791,9.994507813494556,10.146404612750365,10.224668578359715,10.748560117415423,10.989220980489257,11.153804851745075,11.182685443767404,11.185321353939148,11.367244367947979,11.377180774948922,11.39311119956064,11.446246161479788,11.469765482511294,11.5072307799678,11.544645848998822,11.633439353692237,11.67233666709569,11.840701166793641,11.865393947534681,12.147260944583401,12.169748363916483,12.397434773431574,12.815035230139435,12.829769221319221,12.893042746865108,12.966649117340099,13.395658333673653,13.481670814595592,13.776247457720926,13.830420340487716,14.606427534561824,15.789594059697516,15.882867001072299,16.241483235829257,16.422587149444468,16.71230557400382,16.88017615096654,16.88345183150481,16.9197406347291,16.95947168956198,17.054297583990827,18.07164636903349
0.11020893459364535,0.5197586929059085,0.6283456666696604,0.958934493077959,1.0175605682943112,1.2232693204671883,1.4369963779102612,1.451168301051132,1.6746142630559642,2.1616151760680418,2.6753744764439182,2.7770727631589045,3.152241751896034,3.2004524839467394,3.2581410385369307,3.675410072831156,3.7456948570010087,3.965646999751303,4.00084754283477,4.007299445726732,4.036558399325046,4.076526589084817,4.8822539365602236,4.950673609286575,5.036966486145056,5.3436498611881005,5.608596001098522,5.759126416155228,5.776712475001747,6.455150088539895,6.684641143160805,6.793162021734444,6.796912746799585,7.728356163221252,7.929695902089709,8.19626197092346,8.50249732284663,8.616910812615668,8.743280868805419,9.24673610049145,9.45857209905306,10.002795808793886,10.378871106895124,11.009627857268532,11.239871439608077,11.837543080577133,11.876778298556559,12.073517182100955,12.537322651188047,12.643829173725308,12.939978659512757,13.100639332579641,13.196304897080013,13.32836873092707,13.470989038963529,13.49551279743618,13.762088716015322,13.765348153909667,13.777871424825936,14.286154700153844,14.402591071730965,14.44961124945759,14.473416227671855,14.56180130040569,14.72297331458666,14.769190870765126,14.826981642381048,14.97979693737859,15.01240866104032,15.072175708266164,15.198580540130575,15.231204577739712,15.3080765848751,15.50504439932925,15.572160186208738,15.59818007138357,15.743960038638658,15.761308947364137,15.871629481893681,16.115970494629206,16.23817379472898,16.481972478909434,17.092512169631178,17.37631778439011,17.512541871875857,17.645932853625467,17.684206232074803,17.68643844891889,17.864977481421572,17.90149228354112,18.098302892555996,18.143273902874707,18.261806495161917,18.302898543173182,18.378014844149096,18.457877068211914,18.68535641279787,19.05616407024368,19.32300202789221,19.39711640203716
0.5805843096579041,0.9183872475221257,1.0048751003932765,1.0607607261449872,1.2052110177107234,1.2846117869770755,1.339486284799851,1.3546376097442432,1.464582434941164,1.5029378736184191,1.5874830646429288,1.622926664708456,1.6625953533325688,1.9492813969729164,2.006219533175241,2.0210725783304335,2.058114692609168,2.2180089423214095,2.27154043392038,2.3197356781920457,2.398954552297226,2.512928497946676,2.5298435724783355,2.536216763034283,2.6130490777732924,2.63006689434171,2.8917412663775353,3.0137284718293533,3.0328159251020264,3.1482413470869006,3.164989577842437,3.4835215519353255,3.601119196163844,3.6782649425266527,3.7277358853818434,3.7671813501358726,3.7797466388792698,3.7948073366639306,3.804089422756958,3.8134063567040366,3.9611438824034857,3.9808804976394865,4.001069905596873,4.028954252006332,4.098228020364751,4.128561068388379,4.141374659678199,4.175266271850756,4.213423967226494,4.354813953279444,4.401125726008182,4.427939383147421,4.593418143097364,4.6423673657809825,4.72083855759362,4.803289452090056,4.869764845876815,4.902331940621225,4.934736453732249,4.940569480263368,5.018042770504832,5.021520048320314,5.025438223327205,5.08675045321266,5.139973086764521,5.228811635863215,5.326719967781133,5.32736896977544,5.399864739256045,5.477335250575738,5.539540150416862,5.570226383433037,5.605437056268456,5.8025636787477985,5.874392698064076,6.007668817135826,6.1286528117899834,6.246656487372651,6.3520929448785495,6.386936880738267,6.442680696576212,6.50997054226107,6.533704139547319,6.660842766358297,6.6987316602007745,7.062279973230399,7.239211451594823,7.82267713551863,7.824044196531292,7.991576905670166,8.081364931452512,8.084335303318175,8.160732508771831,8.270523602900203,8.325437601957521,8.363752771768498,8.379666148938439,8.393263843995928,8.643258154057378,8.716146417656127
0.04919054899115159,0.5614563330661445,0.6916334347535726,1.0229377624930633,1.8835494778831894,1.9872780062071973,2.6018355076342488,2.639473797566451,2.6527833099261175,2.8136882100667027,2.859034276901222,3.3831425139948954,3.463764398744598,3.547195272180725,4.102552257806549,4.3078567140439805,4.342843262461289,4.345032855664354,4.382995309858276,4.412469488487837,5.11814796835991,5.340220941077335,5.3842818491109385,5.793736100277009,5.835682667344455,5.952436115664737,6.159249632394529,6.4953203402506485,6.523451254293233,6.654159470294654,7.114064098289273,7.414534699212493,7.4748611216185985,7.764372090047938,7.792671977191071,8.305339292392404,8.39455203144862,8.400187696518836,8.714917058474736,8.827032138689011,8.82904873713833,9.065602995961944,9.15878799365096,9.615519113465023,9.799750491104563,10.85109420265942,11.617034548203028,11.669047332036051,12.138505957246542,12.20540813477665,12.929881774088237,13.005256895251232,13.223825963304956,13.406973742086231,13.53602750821334,13.617110230516621,13.678768713982015,13.696837873383515,14.300298548361546,14.362015225435458,14.473010661716007,14.487650692185664,14.549306328321942,14.617572990361369,14.627419008737176,14.841402250561043,14.848373672941296,15.031801001430967,15.036545839635336,15.050506838166479,15.139815758990384,15.166943654914945,15.168621855760065,15.601603723559549,16.121321688631145,16.311787816200244,16.692292927891497,17.302417399774473,18.43933074905206,18.580643789881236,19.23148404278163,19.45358608586764,20.00039684210049,20.48926099348951,20.664741203723988,21.332544179142097,21.36396212328188,21.68872558522661,21.70937459632649,21.7772613852859,22.050380711628282,22.289238869742704,22.42621267616977,23.76749351475613,24.139063085317016,24.362600219524587,24.375439041723652,24.774577353922247,24.834397249468168,24.99201331122996
0.13531175454837488,0.4980183935217556,0.7031181650923508,1.0688763606371599,1.116662372654866,1.1320429835972743,1.3731880807002672,1.4010324972234363,1.401218191564003,1.5356782713349157,1.5592315327375983,1.586174428446197,1.6451613775154443,2.1556006321051253,2.255776579565409,2.5036211388167455,2.80129587032115,3.0335296084636223,4.264955994806416,4.456814675677754,4.7509794096194895,5.457873671855198,5.70999107951812,5.970042203337573,6.00940497554716,6.042565219033882,6.431952554631153,6.559539714436635,6.899051088240528,6.903049708727082,7.448125231673078,7.551247224519843,7.976597810328416,9.212931149708083,9.651394903700506,10.11640242738277,10.312666667514188,10.340681557559224,10.345828626792901,10.632577651233868,10.658250634808107,11.123735863211914,11.478750638527746,12.036388840840662,12.273019485553151,12.973424780378238,13.076641433985978,13.10006090295735,13.531094689025604,13.538855387500668,13.62320474669379,14.361226549088341,14.605847549271868,14.62822495028787,14.956759677324552,15.130537774168028,15.517426594189113,15.552267299284434,15.851057805600705,16.26156641804686,16.34438587301005,17.198143486513292,17.429921343404143,17.52044837221721,17.586752297419924,18.029174563912136,18.689778257101644,19.155733739390033,19.2241048161227,19.529159401533903,20.426369654108235,21.03010928266227,21.69136041420838,22.18642325287405,22.229495153146456,22.680107187513702,22.954412047579435,23.325975252163463,23.344343846780394,23.35394614592454,23.4700303199047,23.471643461892555,23.973689874583542,24.017457928883545,24.129868357884003,24.57222813478691,24.579781300608936,24.688416260902915,24.976603047634566,25.166675511957205,25.714771953541135,25.724898408002687,26.000755227204717,26.03625831189862,27.010592580508877,27.415584209579766,27.498814042194613,27.782674436333618,28.386736404401912,28.51653857861541
0.05723119084818188,0.05981055806872331,0.200441765256975,0.3525119810270404,0.8598025720662592,1.3393859468958094,1.8422331907447238,2.0382788762911095,2.06031974359318,2.2746861291221037,2.399156988150346,2.576166526518703,2.5873760030283823,2.607126514947742,2.7035597901647996,2.7702671223809627,2.8733786959006156,3.109004983905003,3.1865509253266735,3.2355477982274286,3.3287645962955623,3.3772061081840965,3.803719054736697,3.8314363143971084,4.080918298943799,4.214445884495515,4.45779241203736,4.551894381595652,4.6224045283155695,4.641341514196706,4.810205476329191,4.988783376022127,5.365923335459225,5.403076698093725,5.415942523566803,5.575287694947474,5.62417918424641,5.972516582455699,5.991011684954313,6.141431913037843,6.294765384154002,6.517619924814363,6.56515309483448,6.838936551051687,7.3108871639930255,7.398174450811361,7.819820690112617,8.012735159436478,8.200608785286349,8.245312360883506,8.36988601664155,8.407296153762097,8.474383035558388,8.483310048413259,8.832709340946115,9.14947823347294,9.162017172182823,9.289051856558164,9.336819092187907,9.748995558411606,9.811541378431189,10.075366028888894,10.389580951063577,10.419187123142684,10.59423689386721,10.689043730084848,10.768196218308216,10.990833350297903,11.101499896899035,11.242428689288472,11.24700522601861,11.629475193410736,11.838909227204882,11.922363242949132,12.19441811380859,12.292968539548664,12.368937818038813,12.492492621757858,12.631584728635266,12.953123724374377,13.08831512448919,13.396066359876528,13.62710586164579,14.031070929187587,14.454432002652814,14.460102684058072,14.522126929749708,14.669880453352718,15.032057734286006,15.084116686706693,15.285492185325566,15.327967519745345,15.346352600289459,15.35491702747627,15.508160363438703,15.777707954237382,15.811172794903786,16.42949774159659,16.851059249741795,16.903199745908452
0.5437471589201516,0.6180920859070917,0.6219586920642803,0.6441112743424956,0.8111925356262053,0.8293139972916808,0.8353578607576074,0.8884334766638018,0.9551614418499873,1.186734544273156,1.2632112159152338,1.3313010430983772,1.4226459218548693,1.4906952046390325,1.4942886915888471,1.5387560824909163,1.930986185218876,2.298603909034514,2.3742135593145197,2.6670762115051683,3.2912939459665864,3.5874819874777124,3.648494459272616,4.191866040516104,4.314844306888212,4.840691257578704,5.525057029833964,5.57204195812536,5.939199499249075,5.958398372229047,6.604044196746255,6.620966089054509,7.037002198547538,7.09778470995306,7.286030689116491,7.511351325194187,8.847965990452545,9.209840650019705,9.45300195343842,9.474733214880226,9.5045930769309,9.709161709352221,9.762823449383891,9.800685480090918,9.989503668812905,10.250115497468942,10.27057666682681,10.447237535244405,10.625516997342565,10.759983999728705,11.125435715822237,11.149811308984999,11.156098491215024,11.220829077823733,11.230569688114574,11.342775186270586,11.42615139610831,11.433173565969796,11.779685349279113,11.9642061708827,12.02223490483511,12.58493007704724,12.722712563943768,12.831385858423644,12.892845534720765,12.94192973421819,13.334994287616793,13.481222997210251,13.486044950990163,13.499440043314168,13.621934692590237,13.790635274120167,14.117157267400017,14.11997410464528,14.145875430349692,14.219828026259245,14.340698257282021,14.488822463999297,14.52553369823639,14.620346388647471,14.779682371340487,14.869989669741203,15.076393031598432,15.737774989193023,15.830545797341045,16.69293822244115,17.021683395619398,17.398790503543044,17.560622923391914,17.603537953601204,17.657913927287645,17.719000126012936,17.870371096957896,17.9323183141327,18.279347160791904,18.577105811619564,18.98814418065273,19.20391167146239,19.333937039446337,19.465818490561418
0.41306326633841534,2.486458172435337,2.650393990857934,3.30609224364746,3.6865508582488653,4.8487319634069515,4.860388635248348,5.06301223523507,6.93171909031626,8.210862084678592,9.190587519107083,9.264539043519227,9.572527049059286,10.183728830888796,10.383996052631375,10.46514239428658,10.91948730040211,10.949610466718042,10.967942668220786,12.485727875974796,12.814298511260105,12.864040739043318,13.055139424282704,13.070977344688359,13.92125946893054,13.994661400095827,14.059598728417246,14.162989630825905,14.280881034633625,14.48508060595048,14.757481648557548,16.11395367652692,16.276452590769754,17.662670365452875,17.71768874529434,18.214665871460998,18.372141060639734,19.2042813041874,19.82307274535288,20.30319202507357,20.829057630778237,20.83298815119848,21.948024517454733,23.13699891756199,23.62418687322289,24.6029370746839,24.794246185700064,26.126354218978054,26.396947030420886,26.458430615584742,27.586085126919773,27.623844239799514,27.80307596965786,28.0938507270999,28.55878830209285,28.697651654121604,28.99479990879664,29.492242150935674,29.93393599722665,30.015718275593738,30.02679295434624,30.124639457506262,30.72425861979866,30.92602999099922,31.666928152871606,32.02891595185324,32.10138334679883,32.12438776031453,32.20099898328513,32.35661818223772,32.48500588805851,32.766508398631316,32.79730188290016,33.297812857263864,33.35346751182223,33.383264305652204,33.566782686511644,33.94690090287365,34.11528394041147,34.29718127940858,34.97525531084757,34.991493288672665,35.27197054999813,35.40069034426131,35.41437419446135,35.82078822390147,36.294887087268194,36.57558913863074,36.674237391807395,37.12849127559837,37.21873043720774,37.33609451980678,37.40340756538903,37.460170889988,37.74869625188055,38.2880698636283,38.49030480967528,38.67350860365934,38.791393623761735,38.860408740706646
0.1563741074087072,0.6795840630244087,1.075323310816518,1.0992613381576075,1.7595046512936827,2.944350817910837,3.050210577588808,3.0754878368153187,3.209338784327336,3.5702309764638365,3.9412425542954037,6.283134177165741,6.401316374053621,6.414151629697364,6.606618820763347,6.622956381227873,6.87439787708256,6.9558737718699275,7.4175980085276,7.833642493461879,8.050039573234976,8.129015281937903,8.135216790118893,8.2929543146959,8.294416249731222,8.298639121747783,8.33200372549314,8.496238170227077,8.978537685516159,9.28178922304188,9.31867320472495,9.701456018910996,9.72033563513843,9.771064395092198,10.100384111936945,10.781942775359845,11.110667589591968,11.15572923566101,11.195023381637197,12.011717616840725,12.059179330919372,12.353275620860497,12.377995176532291,12.464953911098027,12.656730057949025,12.79372995447165,12.953221119469257,13.14579335816288,13.182540067456754,13.240837592087171,13.80392320700409,14.18494260319105,15.28143553271679,16.10310959676058,16.502703095177385,16.580452489417098,16.890679720286006,17.216093698832815,17.550095726265383,17.581426164574786,17.633770235359208,17.755236098698845,17.8009008847146,17.80850083347165,17.819644868517056,18.011818701903326,18.029991608016953,18.153170933330728,18.322902017923795,18.538274974726402,18.6493185295237,18.924898412630267,18.971018359661436,18.981609816373755,18.984682587959206,19.125217076807612,19.318871630964868,19.41881236572557,19.604561858246374,19.68357837785054,19.87945614075442,20.078204461706836,20.194117103969084,20.198858147018598,20.38178008564758,20.64925710392009,20.695951397132895,20.72712685607031,20.748448179833503,20.947465091693036,21.08472972644876,21.777745891156126,21.904726820848758,22.04728144618838,22.200219357790996,22.240664777761822,22.590036020810256,22.68947068487082,22.93386859469068,23.18125374148199
0.5431149097923347,0.6313031943241646,0.7032301707424751,0.7180336901663423,0.8402858154635422,0.9134718900107494,0.9312310399676914,1.0206494100795407,1.1171834391797255,1.163025565759427,1.3147388464205907,1.6803499628308085,2.1072390668103744,2.9940244688597737,3.649715132415641,3.696371424077784,3.786700678372174,4.022330419360009,4.07617111401065,4.270688483421002,4.307222814350272,4.386408231003062,4.422542313286908,4.481981558635995,4.492745866492665,4.588435929001106,4.679989839794115,4.701770610702813,4.707183162686406,4.867892349600903,4.901935948597801,4.979015007674748,4.982836811033637,5.168500148242658,5.178649162832629,6.5929662380943475,6.713265531566484,6.814975530261591,6.935447956822277,7.518463843995626,7.579987840794948,7.717852657024855,7.914703320853354,8.217187942395787,8.603518326252027,8.629750477906224,9.45144222654834,9.47615635858439,9.610623038772562,9.638147700403831,9.683861128467056,9.843169196656463,10.174719458436485,10.30422107565267,10.7073480444654,10.97844488231271,11.175317073407909,11.325862093453638,11.697029045070696,11.842754938487992,12.038521000205547,12.047301887157976,12.13369266343273,12.284131002478683,12.298501903435037,12.316741530895358,12.413342587703937,12.458540432849757,12.711134735359087,12.824556811627613,13.101793612080245,13.280188096970896,13.722838625762636,14.289014581685265,14.472087099198845,14.794239827153065,16.19517975865561,16.21501033267991,16.246507592593392,16.255476258515113,16.32729484594051,16.431796284248016,16.461208549201384,16.586903243262643,16.674547391973352,16.77590352414025,16.789503138913656,16.803109409901225,17.193806741470723,17.516180199829872,17.775516062447185,18.816407573586346,19.04800905029693,19.069705410568066,19.170909813791187,19.52741471678321,19.581399049194886,19.759682347515884,20.7142943637393,20.75847714651705
0.26315807818716896,0.6866348265835006,0.9804777166750513,1.6083357885700416,1.7810125808599098,1.7907344781232502,1.7930760991330532,2.842019289839182,3.3066093675451893,3.6772376717200728,4.074230634607833,4.112033601771086,4.370243028334929,4.38652435107921,4.450251709690583,4.535449906113273,4.906959879552871,4.914050112136684,4.9505147039564665,4.979728510403733,5.049256511067506,5.17970085767982,5.402564968482379,5.442813907406741,5.501488530123041,5.534880479012549,5.828694984801898,5.8782824607632715,6.029060521297616,6.164965446972571,6.2749178351413155,6.3087775817155425,6.423504837701736,6.923859715467002,7.236960414477968,7.331579763064431,7.393965416426897,7.495449214703309,7.825723289186269,9.116687668352252,9.587168408104494,9.794327332629358,10.464538995956598,10.480152158012007,10.517172882866486,10.687708776773714,10.828133414259995,11.070382461545453,11.433319788384289,13.347602141912434,13.354172521527834,13.534344612316161,13.641465982358815,14.718895910547339,14.728775910900202,15.151688257557899,15.365931975223585,15.535643831968255,15.769436922417892,15.94691200989558,16.12561758557306,16.26735022250557,16.499998580669125,16.513765297124255,17.260327373416814,17.75396684474992,17.94020069348292,17.987756734495367,17.996164636114635,18.053827984784085,18.076603808721277,18.165487223434287,18.32069547624756,18.48407424284903,18.641831879654333,18.813367901024925,18.96489646382815,18.97717127747298,18.979504372635112,19.243236348471424,19.511399246106336,19.56135903653474,19.722666446392996,20.22582166898303,20.75721895498709,21.884314035969638,21.983286262000192,22.100170755453828,22.199701047225716,22.26839547905342,22.298055875553285,22.301146707951283,22.437537911743963,22.60005526197271,23.15733626495288,24.10439537855022,24.34775215537609,24.54523128357345,24.76481599796029,24.81853086694153
1.1900520534744743,1.7989598764473074,2.081957585460983,2.4217303810368334,2.5215810269029757,2.586476437430362,2.6273478462721536,2.8013981598901503,3.4422928795327525,3.4896535213508244,3.8649896126189085,4.061434047784561,4.288762234820917,4.416587150660175,4.906551307343399,5.095318368208919,5.105249920998414,5.606811418947517,5.627485493766593,5.640564641667729,5.741387902538301,5.87637062867678,6.157029803460831,6.164647343530858,6.223353960470313,6.339574566291624,6.559566877170839,6.633657698698179,6.6903511582324455,6.837765574782723,6.846685387942305,7.097141593524032,7.218592312168604,7.264382401807773,7.497753312450201,7.766124266253515,7.767582404963299,7.845113757411994,7.857386394332074,7.8801226562159865,8.119583223525948,8.248697703729482,8.487654603534974,8.791321789012205,8.892171328903723,8.98133203538796,9.117965103744536,9.169177212877885,9.327663730453347,9.454815786482236,9.825547498288294,9.83293654666176,10.052461349523377,10.091784066876595,10.24106634893314,10.24571363610714,10.334852861028585,10.35528156132216,10.550582467682991,10.628990052353723,10.740218956124963,10.83028956043549,11.034602863640629,11.353028081251658,11.426034394069218,11.4304940668905,11.454387356632893,11.53645799694674,11.542080900723578,11.567711495641944,11.583590903097356,11.606126728035882,11.696603236981135,11.749566380276795,11.827674511497628,11.885234558477634,11.974654348164743,12.076226530362565,12.07894184323252,12.237565040530523,12.291846717867065,12.301529059374197,12.307057593569086,12.380599482717791,12.43881623183052,12.451474980678388,12.600055922701245,12.613495452357434,13.064919195599579,13.100151923423406,13.655998516206068,14.033377162556066,14.197263230379663,14.448696052165921,14.501593446035967,14.770105846375474,14.845706839735326,15.257720775813972,15.341873250503895,15.365665566990812
0.2749182835072528,0.3542526864666461,0.4838835847603548,0.6717986503303034,0.7950654787449953,1.1821833473961754,1.6981818998374334,1.778401437986214,1.810180917504726,2.6422062789112113,2.9576270281171135,3.0449057102038752,3.0548330069114815,3.072817389516604,3.160206385169243,3.474972946815077,3.589684166380436,3.974484288258242,3.9849272441625136,4.084224204542766,4.246633274506502,4.324403927582487,4.382803803434773,4.497890456921086,4.699500247554663,4.769166832933996,4.779152017293414,4.99075360727265,4.993437300432717,5.038979870269589,5.229580538259427,5.283881182912837,5.3288910344333855,5.334607420234125,5.396662378757668,5.620274318573467,5.739722103857821,5.766145361041813,5.791518162049936,5.8481057081213,6.100829280586764,6.134210474788141,6.2335118190696805,6.444289978188097,6.593258806102373,6.712578187197361,6.830081008203473,7.053083685642758,7.126709279977658,7.916479751762264,8.226584251608358,8.375963161909288,8.4615170735733,8.957672646062711,9.135515589158091,9.245675252982222,9.266713328270452,9.289263894052949,9.431058753585448,9.54208988951715,9.584987135032964,9.83731295654333,9.957327140069134,10.34864409572599,10.45972208077307,10.699819453082318,10.800541564962998,11.078128089880225,11.690848523038609,12.151080425126791,12.561106091543117,13.14167142650993,13.480273466211223,13.610570950559277,13.701911650859211,14.102618004819373,14.25523436879801,14.554209828615782,14.653939987405609,14.770751898014867,14.99898738961737,15.076373711916563,15.167608811991261,15.177336549632438,15.293569196479341,15.309514261346585,15.338459130928106,15.447322585422992,15.736084146117118,15.944482359976657,16.20137898837749,16.502315065880875,16.53760671205541,16.561228219194074,17.31651201446015,17.408418566507546,17.56231698150206,17.61886424080365,17.655486347781324,17.75745288523385
0.06923319775544874,0.48929573012844074,0.5277067936367973,0.5389696594721737,0.8145850061919995,1.426573392900552,1.4454069029041372,1.5876379170630677,1.7500380609308284,1.8198776025074197,1.9085153652527647,1.959442165739569,1.9922850090750424,2.0270595073625257,2.20407723309682,2.2190636560060857,2.2901552783190566,2.3563543935327615,2.4248809617034643,2.448069226762192,2.9034839853337875,2.9411954560850213,3.013880869667698,3.0886496092243556,3.239406411393702,3.3081984552482915,3.566383258547642,3.56824978082928,3.709563488383483,3.7779172903831477,3.907570834167998,3.9978136486583304,4.0490231969404435,4.107173230357704,4.385997928446526,4.437615096906907,4.571938769708712,4.602284325248734,4.618924321530708,4.628977725121002,4.834772862239915,4.920300726440517,4.971014871377415,5.109836184308388,6.406007800354212,8.064347492415342,8.500844280355066,8.563248139653751,9.653778348347094,9.765966725016785,9.821010620137292,10.056687741309762,10.119588304464141,10.228558484452032,12.145404754744604,12.36450792549703,12.407357411059621,12.421996612003285,12.936091809346259,13.285404561441101,13.327767785847026,13.474059516100244,13.885807148059405,14.287406583453095,14.88175340554773,14.947585184462364,15.341775091207097,15.605882391786713,15.801168441166705,16.08582199276404,16.455892287280925,17.426463127144487,17.7003776978619,17.969052456500428,18.086672838981634,18.579221354680726,18.625792967534146,18.835119814410852,19.119103130571446,19.158492368208023,19.159823791782305,19.325126781964077,19.326931312390336,19.416724137234375,19.44975999848779,19.46299053120363,19.61234150302002,20.073357298162865,20.34791719767268,20.68381685419557,20.685402762470144,20.93340111509192,21.357544104501283,21.47158047925741,21.47356872311232,21.701483345305945,21.75664185795662,21.788319345960545,21.84441294963648,21.849621687167097
0.012476623094784072,0.13339953731731996,0.44903188108780484,1.109121712502558,1.577836959138891,1.722480446505018,1.826148146975109,2.4448638399319367,3.720648134957358,4.31708666474441,4.687007150664244,5.0237047386884806,5.300651052900916,5.397051535092381,5.663370258267625,5.668412102991471,5.905381777478354,5.912147517062146,11.19814138692638,12.779493951012808,13.585562023068363,15.389150636459158,15.473475097504613,16.565981293157385,16.69106190998017,17.082379310769696,17.253118443159718,17.67948485399665,17.709794350911075,17.961097886154366,18.932811552482956,19.08553382599742,19.45326826072813,19.565711396884115,19.611131513380492,19.616936675276378,21.14364202429826,21.23139891412079,21.43337243005048,21.604718537700816,21.62123684664412,22.163768014019546,22.436319260306238,23.131375261462853,23.254091672967593,23.295075959525537,23.333568513042593,23.452002954796463,23.77182440102155,26.329286112110825,26.435335513935797,26.571655029273145,26.709199462500845,26.778045861586623,27.21549667850326,27.262410859014523,27.412319708752587,27.707178594769708,27.80003512184433,27.859810148351276,27.88643100732311,28.021082712701826,28.068716313776935,28.096438076773527,29.191362030771536,29.220776651743137,30.092028739606253,30.28765769680544,30.385940272974395,30.511615312370402,30.564079965855278,30.808837350560704,31.271335260285678,31.323595824271077,31.54767340763074,31.56782399039153,31.681768252767156,31.925515683526246,31.929769248116695,32.130900165368246,32.158625529488866,32.43098514756287,32.716001710269644,32.870750773254315,33.26673046312473,33.30497689660716,33.664863106975496,34.09589184372185,34.60542316328855,34.71681521900258,34.84833862547805,35.728531141199184,36.23646701764773,36.460945088672524,36.46974957165778,37.92824459635905,39.556718942718064,39.95595394227876,40.43651069807748,40.57228342609654
0.63204476064091,0.7049572018227787,1.0257587035814748,1.1510463176724992,1.2797117670934564,1.3261198679987343,1.3340609374967969,1.3817383866589614,1.6190718249995988,1.7565700453723903,1.9226149270719055,2.1749602287165284,2.2799686147577503,3.071873440460651,3.2575818643940107,3.3450871241746274,3.8209508109504435,3.9005962364092546,4.536088084290483,4.767489747761603,4.769730048850522,4.913585254494371,4.935600563062997,4.972132714842401,5.245337183425623,5.2728368756771,5.511392492186069,5.667851280232245,5.799428948588177,5.845672425193554,6.6530157797272516,6.7354210442975955,6.830456175793171,6.993479078328346,7.073947271152867,7.401010056909393,7.4213950525323655,8.07578796468889,8.239132129930727,8.244527738964033,8.459968782585475,8.993339891774367,9.134742734245075,9.213567427208988,9.321341452434778,9.583461185593645,9.586679726476708,9.635207677806497,9.728469347508927,9.848302494907731,10.605156780677898,10.753112395082631,10.829767648683767,11.809938760542957,12.105166562251096,12.302004368917567,12.370673464379363,12.757607343014163,12.803111802887521,12.809111532682008,12.9572243089222,12.99947269392302,13.163940280227969,13.178333603528634,13.221695998949738,13.351619356999853,13.399841260622093,13.963178160502624,14.200575133250805,14.49507977935852,15.088254439624905,15.85648546687048,15.915331258902265,15.961581360749008,16.10965840545522,16.1301390692438,16.250459619207252,16.264724231284955,16.28940791108334,16.376130683718102,16.515087625443368,16.702590182273706,17.212238826285425,17.594981615869884,17.718854927374657,17.834449296501624,18.03020192457587,18.056629054093623,18.258319502779692,18.31190974529444,18.60197017929223,18.685452862425294,18.8210855386192,18.924988243931107,19.108405232494757,19.404295388064714,19.764255376122687,19.908599450869218,19.961859417762593,20.23496514350489
0.01137903693378873,0.30955629620310987,0.5613592938005492,0.6931695378366418,1.5919459575701451,1.9004084632712197,2.1906333501184965,2.613128635307498,2.714836997049646,2.735247907907173,2.8973668647032547,3.026314711984717,3.224894991428359,3.7755583042365215,3.9114926574938447,4.42205145638525,4.451022615969506,4.795669158339277,4.80857759420914,5.345624076214192,5.488495092129425,5.939150738236211,6.010108656887985,6.123220224108558,6.59097725186854,7.0064285250497935,7.298131320467811,7.409744251706644,7.976385850370221,8.369743371700313,8.507090464999427,8.617634227007894,8.63816272885755,8.765171908550343,8.901886520441888,9.027584040461582,9.036496645913118,9.2811615745957,9.634324636718684,9.729162020442596,10.783207834095704,11.021988440462136,11.40909927282555,11.913995992765624,12.037471845071618,12.066933593866796,12.126950590608725,12.443274623204191,12.602266407060277,12.627691675986453,12.784262829988878,12.872245402328513,13.097019460999904,13.129674675488726,13.379127588889986,13.449695205876022,14.335070634113842,14.35669742171818,14.6467216357477,14.681877414095132,14.823416469931598,14.929222466001526,14.944894225641828,14.953261120980425,15.01708224268444,15.546825876696033,16.362100656656327,16.630027652053087,16.884817536781068,17.386505048563226,17.901969908811775,17.94242298019717,18.431856447734813,18.859591194135355,19.6960371904304,19.787119898749495,19.93107791732333,19.93350112347492,19.979254702111476,20.05733955108669,20.113663428126593,20.234274797226455,20.49737587156085,20.519676932173912,20.768384812702916,20.84259275426797,20.937885467043138,21.126145176843092,21.158914260232418,22.222772429388442,22.38372646811571,22.393762304917992,22.58537475871197,22.654621107666962,22.819278035866354,22.95804863872696,23.51071150405909,23.779198014844027,23.88585929255283,24.82606742393489
0.890111624878452,1.0881798542436003,1.410735884973803,1.502014344657491,1.5530035286266746,2.0445206940141487,2.621411795081701,2.682643006471092,2.690450532131513,2.8535798668810735,2.966304086895462,3.0145357339681307,3.054440967752131,3.0768948839621313,3.3213024887627407,3.4132435694633436,3.5141340287456377,3.92582223037102,3.9751124912286184,4.037058010841957,4.047788254957023,4.113508465810787,4.139190755529136,4.295625890888783,4.343843565016442,4.438030760521474,4.480883635591234,4.676666311118178,4.682905949748938,4.699727458084809,4.720200715710051,4.911973504376962,4.986279413885416,4.9930287619489935,5.015540804159047,5.155797396617747,5.214563566194868,5.222904987171928,5.4114301900698125,5.470092511751753,5.5800194129171565,5.66815503499454,5.668616908869742,5.773511876077869,5.986827912439362,6.013818953325593,6.091058559739942,6.12292170201936,6.284329223643813,6.45082621909885,6.895648060379955,7.126588088860911,7.330262732868095,7.486101650131862,7.497333560464015,7.49906554545669,8.419321570106025,8.53744417023395,8.639048813089218,8.724080054226505,8.902333969830071,9.714328857907528,9.73551485604703,10.121714129373967,11.242448361255162,11.784872838278998,11.859662972430417,11.90675222401837,11.91070281074594,11.921930550546817,11.946529730705647,12.084871698454508,12.102194134243703,12.139241507241989,12.149940665218539,12.177965457000303,12.25145038216626,12.258986087312813,12.27892576981885,12.293881407347998,12.423476548814351,12.473404658558087,12.479835874544955,12.562080473003224,12.5993893335088,12.617580917756735,12.637152180189435,12.649760454902205,12.689499216846029,12.700982215481506,12.720093434863745,12.820481844974537,12.875804170376895,12.883422367079826,12.923802910693349,12.974198863185643,12.976778318278894,12.9969114448242,13.076567590733475,13.083188144471
1.1935685333138892,1.2063708800675887,1.3853776678677172,1.469909782593654,1.5201696686800246,1.661539638890844,1.7503518489075998,1.7776469580785401,1.8632533379883773,1.898694082566137,2.003055852079514,2.025511758458046,2.759368275428691,2.8121106479829803,2.9884712436636227,3.6114516436550854,3.6314760821729095,3.672166902464889,4.024399891550929,4.192184141248591,4.386692648662587,4.691526160820477,5.14137994909699,5.5654728884235585,5.777863784119334,5.96358272431871,6.068169346223935,6.167074924513872,6.370414686977396,6.774314478232515,6.798773324649348,6.876414982065767,6.9992217912485915,7.302259142539024,7.339790246557748,7.469323459315579,7.833130711597453,8.435263542459401,8.475658449266751,8.523646268629035,8.832108070161837,8.925464445895212,8.969119546059972,9.453167400759181,9.48095182435302,9.510623916544597,9.543950410830984,9.709377910504472,10.262741081265515,10.441443539185403,11.160235160899727,11.324323416100611,11.353492210211343,11.437103375406604,11.695586122314516,11.830034902038712,11.834096232131726,12.999691068289833,13.187330163242983,13.389939412264875,13.883016220317245,14.029674075572819,14.06421220036593,14.127451751883164,14.145443643082235,14.173053907477264,14.238749400816776,14.301320979833921,14.320365756512164,14.34766507021342,14.519233252240216,14.530649297212381,14.657435382156322,14.795501580804244,14.83082458117101,14.988833817244524,15.051493936790877,15.145528279062537,15.374518425287341,15.384744726867725,16.306056888019015,16.37369752309434,16.535879887844892,16.73499388774348,16.77813655228647,16.877654363814386,16.942841186668023,17.190959913156505,17.39104469393032,18.266446652240894,18.49695683164849,18.688783094989112,19.16517959408568,20.30077260923723,20.51847484730239,20.767449516654516,21.10905466086688,21.873686161849633,21.93659370857839,22.564714723207658
0.1863790154245989,1.759097057356753,1.9667582287692829,2.646121174773992,2.7462447817395352,3.290166463126614,3.7133361473422624,3.7229468342839205,3.741450811171068,3.988529932224643,4.100224696337692,4.157992494622604,4.688825145028528,4.766972099959297,4.841660436419098,4.853428989684818,4.909484758980448,5.285494472092194,5.302406524507105,5.327329828660385,5.571952882717838,6.176405592351492,6.261898117239589,6.582550531771599,6.595356659064531,6.656858114687393,6.66741655968181,6.718756188689559,6.894042689961048,7.000661511056951,7.053779598781919,7.225485022323774,7.26653601530386,7.671456064203484,7.721439071477371,8.102794123450188,8.263013285957268,8.297554784400543,8.424164780464256,8.665437894109898,8.727889478661348,8.740816271451248,8.802397161731639,8.909763798654533,9.126710584107704,9.250994289625165,9.279413366121418,9.501444604394155,9.809700315570351,9.982627086115606,10.052961962164634,10.08945179228965,10.364146942933257,10.82958567893891,10.848298060200225,10.966937851240974,11.08146235277675,11.248931345609158,11.41833629750448,11.670439505818614,11.830352560473296,12.154985648034943,12.60571920912162,12.70023095321078,12.740292007623855,12.830920189079,12.901802728431077,12.97971489609307,13.14061271717713,13.231494534965043,13.358863830419772,13.407092089006786,13.472509704009623,13.502053469571397,13.876246438403884,14.345584586315786,14.401863565416978,14.48943821014515,14.554575525910288,14.645992042491592,14.657908265173308,14.66068556869636,14.830208735166064,15.054211437404009,15.14740316674422,15.74606163271144,16.01268948777666,16.148025863314846,16.281701416206054,16.301613740056595,16.304392721204596,16.40223910905441,16.46481193733181,16.563075570498658,16.7415998714304,16.79313095171318,16.80549861159868,16.91738044118445,17.03420876617019,17.13082269255315
1.838086075520364,2.725328480066311,4.021515568156954,4.293842811443808,4.851404494997416,5.258343443647266,5.301955542555289,5.422433636564384,5.648844443957879,5.654369096658112,5.998557912221763,6.06558087752618,6.392135260453491,6.453966111514532,6.748238821519357,7.047449260980026,7.15430686123709,7.408368260149844,7.451980423473139,7.963709039527032,8.08246489022524,8.20998323970052,8.23095810921904,8.250466074112925,8.748462524394197,8.949203771365099,9.011473485993493,9.082095123837078,9.17250718241371,9.242278314000558,9.263231342790235,10.036966154756138,10.254848570770585,10.494629304452808,10.563650147114801,10.652353615327991,11.015648453229922,11.30675642524417,11.31809270797042,12.122639349256815,12.429404356128833,12.454740467446598,12.682434965732835,12.720473816142663,12.751841223839815,12.890867647861501,13.128038178805,13.16429588734575,13.427520125784968,13.433492982187108,13.497766972567073,13.566843669267033,13.598100811932623,13.668784913869828,13.68688375882669,13.783010937932877,14.083202017782664,14.09797744101948,14.160093554969576,14.198318712737105,14.244029091055252,14.358785637902924,14.464807755882669,14.4649697241188,14.48768446912861,14.53048379466084,14.676101944554398,14.71631273227621,14.727047645715857,15.020145193948402,15.118919344422421,15.329360309223512,15.506048975912865,15.71425095533533,15.852951742077629,16.311248311897533,16.33959305050868,16.561697277938066,16.940935408489064,17.31659916827965,18.033980322028132,18.21032169852649,19.067959267058765,19.25594144135905,19.365007072763326,19.4900747131913,20.050447553630907,20.68535951418464,20.709796508291625,21.090920916593426,21.43890065372698,21.473058880880703,21.95217567642841,22.17796943393853,23.639686591393268,23.697829425434875,24.613378640803944,24.90814120009567,25.57491363475221,25.683726486361827
0.2281321534710654,1.6172455204637002,2.2311869602823986,2.4231434431778696,2.5476281533277167,2.589516675993333,3.5696374748569957,3.648706238908047,3.657677309653642,4.316681993459762,4.332944011320092,4.394815997666892,4.463623318232849,4.4829803224188325,5.165452904122974,5.4803498070125425,5.512974481470259,5.547458218130577,5.547586710934078,5.6553247613367486,5.686627320158374,5.771991392380067,5.920790766959475,5.977857882364016,6.20214051698999,6.683238142491412,6.688669601807065,6.697445849783605,7.0218006295682835,7.250794698751585,7.684044951216197,7.85953442184228,8.04064359194679,8.234714393011567,8.247412381664308,8.561435847757265,8.629166468458363,8.653639164150094,8.841306958808815,9.031565366880832,9.635633992258272,9.672663876142858,9.692560784371315,9.906180142249813,9.930063070014956,10.005031590647256,10.229216628150107,10.233418592283767,10.299296443984343,10.483619326614772,10.71001420055117,10.855422154696033,11.137472559528304,11.184351004829278,11.570083382826697,11.677101643645596,11.69802246721975,11.781697795321238,12.275820165407039,12.350980733943986,12.376670054053275,12.432475366791307,12.617275369853147,12.67031590150794,12.696757797331674,12.749384913934632,12.770339641945919,12.844806626579302,12.916883606501,13.01218994545678,13.076382327379072,13.112252188490555,13.20280316994847,13.244310259181198,13.423293177500577,13.556556391917029,13.56445922690924,13.58397057244945,13.668460846517913,13.732031185300128,14.033365233794902,14.110915389864594,14.120823292517052,14.127176215430191,14.305112360647225,14.311468706384442,14.351494568749805,14.376298218591186,14.400528522370962,14.430799098338262,14.794290731585823,14.869351065085787,14.910531112665511,14.936008679317677,15.277178546215833,15.344971806125425,15.564334384594506,15.596179797735772,15.65829520273817,15.871212023229903
0.006962868586006542,0.15278209325320827,0.18153869294532787,0.22577014978302734,0.37163598635378886,0.6243809742113681,0.6527675526950268,0.687700398835039,0.7586255237371093,1.1766402345083213,1.1960350551044445,1.2482392288704838,1.319288322717844,1.4104466153864264,1.794797839440239,2.1409944728980643,2.1777248967662945,2.3591416843278177,2.725303085685491,2.936533798116057,3.0576861929353716,3.181146180421705,3.2173620988431035,3.257788165744104,3.2834606001862428,3.3494579116934355,3.394216077137449,3.597445507297996,3.652146248789091,4.494806790721265,4.525876580166055,4.588327352583798,4.900990961098465,4.9027867211888125,4.967024419745672,4.978756337430983,5.110760320574938,5.747053942937323,5.831932009443585,6.003414712421771,6.5887161187038155,7.0693947650993945,7.0754771369135545,7.835219028868808,7.968852844561962,8.097951335894155,8.33773762120105,8.354717437781028,8.472588389708857,8.905026470197564,8.954732723973265,9.014011670648044,9.094295163732237,9.293702366660945,9.739562164105465,9.818964993373859,10.099350071511815,11.062219589102774,11.090525000230285,11.17197677889228,11.179137938741993,11.232143217981093,11.286250512409586,11.383598734564927,11.521424295884568,11.98985001273539,12.007726409158694,12.012786870713116,12.097409958783285,12.101360656885454,12.105801506068314,12.140649839764183,12.19900562126442,12.941116022506625,13.137628199801599,13.224281979218063,13.323301879796059,13.55542063077499,13.75637456500958,13.761883774249732,13.969920914174466,14.123849273829277,14.177846265504655,14.340214643723453,14.691664320330116,14.698942748759382,14.984327228122478,15.112026751859261,15.146025703118427,15.557590425212652,16.59633721691921,16.736790473927222,16.8127396832869,17.064975564376898,17.097474592369796,17.12257798899592,17.15799915674144,17.199253558864662,17.26451996994487,17.49049542481661
0.1719422156768032,0.23164590601851676,0.28773835957870914,0.7802872566347141,0.8169459622819082,1.2881602019888239,1.7011295687166166,1.8099081567783886,1.8742020681411116,1.9490522080895116,2.0200480326937416,2.1315319247182325,2.3262608122303337,2.375003273994211,2.4011802311893238,2.407528853708563,2.588620114372236,3.4368524995425243,4.207162844811574,4.207213317197989,4.207764268505766,4.775787875110554,5.509437313469752,5.7280346402734175,5.814498356727469,6.014308898519068,6.023482898418687,6.0301448541222795,6.094746382398119,6.121477350005525,6.160048426239046,6.197772498363468,6.309532549276761,6.769679996452388,6.7920727907951886,6.804472759551814,7.730641482818191,8.37376789047611,8.638836067393063,8.65501855742548,8.690673540771128,9.338519519451168,9.746500207095604,10.207850862128156,10.824788584540263,11.059399015453256,11.534379671938584,11.886326240883749,12.219442990326426,12.516620428582796,12.619802464354281,13.309734875957293,13.549809932475036,13.561210131423282,13.964305105642186,14.08254988236313,14.12465484153491,14.184221274497725,14.387389533429007,14.593408382637836,14.750729282262723,14.842196259552734,15.030022762160618,15.281406051179687,15.640616974073716,15.792310235261516,16.210833269331893,16.467183893791013,16.864024017452124,16.914239981885792,17.093160015048504,17.262800062330342,17.269361877147794,17.303668220548932,17.347691091106924,18.488129004636114,18.499862211419718,18.626977085015795,19.04379055595777,19.10419951931786,19.751859961321703,20.192151033925917,20.754881958944075,20.817985520083425,20.91809570226934,20.95613260389764,21.38712788527887,21.62048261039625,22.355532355818006,22.67781614368463,22.878757172137973,23.210686185841208,23.590488137756292,23.805496214533882,23.836327603665822,23.942179899508126,23.954182103761593,24.17660805504064,24.21982021886857,24.88034866970582
0.21471587735703782,0.5847753408191197,0.9401399332172702,1.0086593282393923,1.067593075711088,1.1183768685001365,1.3391639767583365,1.3495837923493081,1.3575046176171992,1.6281838737529117,1.9949287776486755,2.243141752954753,2.661089230207737,2.7082372655978038,2.724162181108102,3.1339902671369297,3.1801054926838757,3.7483381295321174,3.904461450661586,4.006424265505761,4.0545028636743865,4.061115275035062,4.336592576160024,4.415189166761653,4.431255428747323,4.886499054927275,4.913118558410651,5.168497446836208,5.2555094673339715,5.327577711705276,5.7267106383902515,6.02635889368651,6.286629965620122,6.31541763836611,6.365927955651594,6.403607100248711,6.9601475149184235,7.0472094699081875,7.636698490007302,8.348076448582393,9.048158885439971,9.08858247212128,9.16829715984134,9.24864220579568,9.514688531037859,9.548385443050613,9.855215990685911,9.970036366268234,10.643244447607977,10.750709726636428,10.915423361059437,10.9394948373586,10.984494894178653,11.100775522609286,11.426940860465235,11.73741169839334,12.291032813564216,12.335732697386728,12.467320010882043,12.598406380452776,12.736252592755172,12.86093549834397,13.060441442426777,13.348323828727045,14.122637395810923,14.147323136516397,14.944645630864194,15.04479832130197,15.06272042117053,15.098182949395675,15.528461804728122,15.606514572873566,15.643661927663974,15.978509072458888,16.103177708292304,16.12801165734593,16.23880815304157,16.362479706132202,16.517794924495135,16.629148415822858,16.646570176757066,16.79240214673194,16.928513311303647,17.255161685798882,17.299886983836238,17.334264649895022,17.946471457885462,18.53210258377598,18.57384037415899,18.77958091747872,18.841169354947553,18.844510974492017,19.353750149135582,19.481244742634516,19.676145957715576,19.926225748606868,19.956349909419107,20.186174424168307,20.29941581076378,20.477651661475438
0.0714170353402619,0.877823886079139,1.5543201794477444,1.591185388352677,1.6536220031870488,1.8132134241959028,2.129201255081012,2.16415390569311,2.190833488470604,2.2338608023751623,2.2509565884916416,2.2983236777278524,2.3409778280063485,2.67850406012492,2.789379841025439,2.819673094271891,2.8535919279020288,3.107545241441354,3.1312896711289624,3.209428951055544,3.220030157971562,3.246647634147934,3.3841151474426443,3.4786583252439103,3.7925823012785553,3.8358441544337456,3.8653456220052513,4.022016180262107,4.1078291924376344,4.239656094936622,4.332586552552999,4.802052004443197,4.841724605237842,4.884304929343084,4.910952207348987,5.3650648904478295,5.394119355198665,5.504408342301358,5.6405962835099555,5.666699905034178,5.760313121674732,5.97154928317804,6.01082954121119,6.031273946573869,6.0323488970094274,6.0495282233482435,6.137682258442092,6.207559182580139,6.213556555560067,6.7766870476333185,7.196813902448574,7.234466008972829,7.323980803029126,7.445266156262163,7.495179718387277,8.141018098672745,8.142692670692556,8.493508959345212,8.903500639602722,9.073836711384466,9.632894924291087,9.863189015708905,10.204236858912063,10.223359241516409,10.334068567033931,10.493781837402581,10.866063539603095,10.898194260838808,10.990859180891983,11.033040326600572,11.094126442331616,11.362923420517344,11.402818450829754,11.485394188582559,11.812723334596884,12.032726868987977,12.323987281064875,12.427272054426304,12.52783341641024,12.572124919347718,12.792403300791522,12.848826127861818,12.96847522815584,13.08707200235157,13.523193907875187,13.69038337327593,13.77554799889665,13.782155008302134,13.955937571520906,14.044908513652672,14.141459526983141,14.205639036824284,14.63329261296738,14.674641533383646,15.362044700786017,15.363648158499744,15.450845764027653,15.514333031537033,15.77631124492317,15.969349449303587
0.001309032425809983,0.12470316869037261,0.4546737377537586,0.6162955041492281,0.6531091536830393,0.9807078570026088,0.9893105159629569,1.4242142618416278,1.4363992151949285,1.624176485930605,1.6775855398386867,1.852567844369611,1.8614719935853932,1.9136727441248393,2.0271758995535563,2.318279280965748,2.351650187006665,2.3765170594623135,2.412690268008481,2.4252100525116296,2.5298604395250917,2.568820450472837,2.5761712695904357,2.7549172547255223,3.4814673940097136,3.8287885723029804,3.834160306978238,3.8384378741943324,3.8680712027645994,3.869411528065962,3.892779089176544,3.967404430983073,4.294464203422939,4.5197374140177216,5.387745191037944,5.419203187839646,5.456911433501607,5.526732052011968,6.040882349674844,6.397376049048943,6.732000018735886,7.207970339996772,8.416463370165532,8.90967501623964,9.697297789518673,9.76302478035197,9.867099508875492,9.90327585549536,10.167956287346877,10.18810973984081,10.643185259464829,10.781172645860702,11.05199288215198,11.446337285790667,11.543241213770497,11.627149275887122,12.163512379210742,12.619199686450164,12.6774264762772,12.706870844405255,13.26600170169757,13.54753954063968,13.734179809851682,13.966551372987817,14.232542347651775,14.29318487790106,14.48688261723586,14.527575088552526,14.664986238882687,14.70065728407177,14.706415830261609,14.828778942016156,15.075280172372418,15.21042436060651,15.268273635977414,15.269201971040276,15.375384287748318,15.774654483069721,15.82431045939497,15.911832388888067,16.068221160502137,16.086057489847082,16.45260189040677,16.635276157235726,16.90478221872087,17.09954499545697,17.212446775049635,17.27580207762057,17.62722026301237,17.729086481024098,17.915144797877275,17.954216692321246,18.485638626142112,18.491502311737108,19.49545832293809,19.613317735011872,19.673256236067733,19.768955826111284,20.23466293224989,21.049673947235593
1.331684274223381,1.3368719511589569,1.374944741366424,1.454356046397257,1.4680922553004805,1.5128513708968057,1.5300551608179034,1.5366711962556159,1.6011965075116115,1.720383790655149,1.7578688012447008,1.851666593142616,2.0090939145872273,2.036789570383049,2.17363569475914,2.5902412949401636,3.106565286243056,3.1635840447761967,3.3429803787024195,3.4739937423478375,3.635437202684097,3.9859595795483,4.057083320813896,4.358170101644388,4.924666960227546,5.066721480429703,5.0896324557026045,5.151741218779403,5.496066455542488,6.842213129474702,6.86029977780937,8.356873382173625,8.826689689564583,9.178048008537514,9.180371969366073,10.445936613108959,11.18534003631925,11.426486994055919,11.528435769662932,11.617918806847086,11.665009521962288,11.882544844814866,11.917053742586578,11.996678546180355,12.11472162195288,12.62954963976155,12.676837387599672,13.385731440669835,13.451437757955258,13.926286178855138,14.128250376002073,14.341732321182816,14.576666180033994,14.758791948210295,14.775043919724359,14.830037911500229,14.991148520454738,15.179236307563048,15.377307482846298,15.447127682356475,15.572361649679642,15.771928125005761,16.149900724809793,16.199942859325507,17.05878600975258,17.364856663921472,17.829351853293005,18.08500024774054,18.190675954570487,18.975541509461674,19.083121385617158,20.533665991819248,21.121914544295276,21.1486323452012,22.018901455304086,22.574331641651632,22.754450442291574,23.427765209727358,23.49937499177878,23.819760840136595,23.969242124021303,24.45299954798805,24.490742697689715,24.749138551577598,24.921600839660268,25.04320146074279,25.355451581481255,26.07913514769664,26.609424764716618,26.758550178117027,27.038064972137594,27.131561481357206,27.25369668044184,27.415607613022097,27.899781945170858,28.763981929500368,28.953796061625045,28.97350416478958,29.253138828438324,29.79749870643353
0.03144260462157281,0.2420054956732892,0.3449137809906765,0.4397897266155742,0.8327196285772274,1.1286178451295832,1.3102056221724065,2.556019841599884,2.633447017634756,2.9574396612990483,3.235705651670407,3.6008242136598594,3.9387110198974886,4.049519434286333,4.122522672866112,4.160851594541779,4.1991210156751135,4.524359601881567,4.974959364793176,5.020480870543733,5.1676046171144145,5.2281443696970396,5.514742739863033,5.831174138427579,5.992911716223015,6.278967888856439,6.344378708979489,6.418895082046377,6.431554960529475,6.500452428160753,6.971684939025118,7.285226725221696,7.413279962731198,7.641978380760458,7.93601917882407,8.246122607251081,8.29237663852908,8.33759720511249,8.452846362954563,8.595843032566641,8.637614008341146,8.772951533754425,8.972741424054485,9.291009878029994,9.463794621472724,9.607055469411277,9.681196450915444,9.68126520829953,9.692998357076961,9.952469846508947,10.008805064934279,10.031494246670718,10.381939233514093,10.687962179136738,10.700706083915009,10.704050969802926,10.712930269071993,10.742405407301323,11.082436093406145,11.286350390709355,12.165662855652686,12.241684711490755,12.242471507804623,12.27845624427316,12.486689991121837,12.803739685112188,12.970807219726773,12.995877961366693,13.103251674879944,13.320359962007009,13.338664641035747,13.443782813115776,13.665793383755796,13.911032973157706,13.995249153570235,14.30118686445781,14.304201816450224,14.585619700622372,14.974143021011677,15.29038809016288,15.587793123513364,15.876142846421697,15.884548795168813,16.010446726748448,16.55184339168139,16.615075475401706,16.623382942284383,16.838545768716333,17.17293480860082,17.24513497337502,17.59529315553605,18.024038838234414,18.110070190738867,18.50284684102788,18.62832761893737,18.712825304179685,18.917520984841754,19.037157501579966,20.03740070045686,20.05318275845438
0.051346782400826754,0.14583175473665078,0.2345363677589847,0.9131814003503044,2.081987640915542,2.2272746207881076,2.8620157426907604,3.1252903080655487,3.3997369474449983,3.5227222485848784,3.854781589933032,3.9316303048774826,4.025549282440273,4.133824111349664,4.168478806707511,4.280039627987396,4.434614719787231,4.492451247772134,4.549959443703486,4.714192674059786,4.821558965820686,4.899194296448321,4.93880886313309,4.982739578111123,6.14169510539241,6.225931540222273,6.743812942416469,8.017654841535302,8.468206281179055,8.99683400260244,10.080826188412868,10.592097726752282,10.984187301448463,11.873168739320546,12.237144440776277,12.278616143406708,12.32988431598583,12.515049509556244,12.701718764427747,12.703305981759929,12.751231443106331,13.036536632095942,13.074189632629668,13.096566639374224,13.641471141382086,13.676032165427792,15.140008204310705,15.260972225648251,15.322525742667333,15.378239665684855,15.688532570264684,15.775854457139236,16.265491385381445,16.31630009643612,16.694147676285006,17.110841926249375,17.282388351313205,17.67248597612684,17.881800448736758,18.087400200960005,18.337613184329705,18.385459903237553,18.424421193125674,18.468529375177454,18.531663803642722,18.733359142037447,18.808318839768287,19.83110046817969,19.888750112334076,20.174705388158635,20.577985966619384,20.67034554285564,20.67908689373443,21.02229213546423,21.136626666115905,21.139746282895594,21.48712767722592,21.49012608862904,21.529660015466305,21.570425203447087,21.616300360558345,21.746306874398606,21.770798448437894,21.781703580764454,21.823564806015,22.24325684743561,22.590462889342625,22.62873386482865,22.81661467517284,22.85071000187274,22.943105310599922,22.968169197763732,22.995348775971706,23.300596646066595,23.32813181349945,23.51816954733411,23.73497697311242,23.80477644893537,23.85864141487407,23.884896556475017
0.13201334310063978,0.2613601192284335,0.33099845303940467,0.6086991709763083,0.6848879349051442,0.7414713252589406,1.003467325347817,1.3496774317100773,1.362429651397007,1.368324645180289,1.3727027501262568,1.6184304230339897,1.7216179292590645,2.889822673846284,2.903793869986641,3.261407344046486,3.2712094148240607,3.343556504281822,4.065139613822039,4.586950041071415,6.268895432420178,7.162600333731963,7.173146185725171,7.19357242679653,7.240014894914225,7.56491353720813,7.588972389003595,7.598182653126905,7.61207773194402,7.683417515288951,7.692300407884447,7.813329719599197,7.818861396469386,7.850335187386275,8.20943808684653,8.769087447392463,8.970087607572522,9.096439529214774,9.215227465471276,9.27493097785282,9.852969310683607,10.188692283757948,10.406587475319474,10.557836562277465,11.00041391121163,11.015756730330923,11.270565562866059,11.396642040025823,11.429879545616531,11.479300390917153,11.617650207059004,11.624687424533214,11.706712665744318,11.722311228248408,11.787824553500673,11.80157766860711,12.04743596249659,12.055974695551061,12.106785596694337,12.348224806546371,12.742253434328967,13.544308561493597,13.71078781817784,13.951967614525207,14.230346661394043,14.36711875927187,15.038662875760426,15.083844833833865,15.125242785215052,15.180731664758111,15.199132860981038,15.26871300781363,15.287460430107881,15.290231641499128,15.378174674417892,15.446622073557894,15.586749929388233,15.637326312447794,15.688140910391851,15.721902132861967,15.81187288387459,16.000636234910672,16.032795100357372,16.057129528277635,16.084441023459195,16.1119630881773,16.21004867577377,16.23397753280154,16.258903958183975,16.605915819594724,17.09790212981394,17.12993781753588,17.13706991990308,17.149689401511765,17.24624950823767,17.254701646346458,17.283480606568645,17.372787053138325,17.398036521461055,17.483771978650154
0.4575540177405172,0.6083331819158151,1.0990259494001382,1.1933536854471518,1.208087796848235,1.4225331605977514,1.4665755380569365,1.4992730198389166,1.8258830420728558,1.85792775036917,2.0044443105648373,2.223801572258899,2.42262832051712,3.6776740483286186,3.785076964214938,3.9276198031241525,4.451490719812834,4.767909112402162,4.99868462864182,5.073911135314158,5.119550678695303,5.140657502674836,5.224903055294065,5.471351747201619,6.157123050811527,6.244682855366552,6.471873913313701,6.74853153722342,6.80431865508091,7.284898400677727,7.298091827973964,7.345955630227498,7.7158106124356705,7.727595613138851,7.846008094677449,8.050847675293907,8.177603322279174,8.49996580395862,8.513316871086099,8.765876767026063,8.774318247210182,8.970759021768487,9.120278122172468,9.514712711087254,9.622117250612158,10.13591341569526,10.828877940476389,11.238663587770722,11.341922222265099,11.55385177841822,11.622974149746193,12.456516930913667,12.601669841048741,12.722888610286532,12.949904733304187,13.34014959960143,13.807568866209778,13.91617436895234,14.02226313534768,14.237256715377773,14.295219815634162,14.468687022553603,14.493617703111049,14.787713533894925,14.939776541362127,15.064712366393158,15.31566345686986,16.231019207026755,16.60419167815407,16.63663696305123,16.670653161585758,17.11426573530329,17.183584169812768,17.346439598268248,17.352844915076464,17.766293655903432,17.792480121118512,17.827673799033267,17.9064681030402,18.416551974190043,18.477565775123903,18.604565203037456,18.79328655437698,18.855346448663344,18.86219392408384,19.129901136903914,19.158715709418615,19.236615837927758,19.412062464746334,19.5446073857363,19.84355960052973,19.971819933113604,20.03081114149858,20.352376492756132,20.717591479995257,20.718361397278652,21.39073494341045,21.58186008164131,21.61438508190812,21.949765876721216
0.03609098516697372,0.3804648925045929,0.7177822659751465,0.724359371230995,0.8112599721528139,0.8409317051033304,1.9991594290316774,2.0251353401230276,2.0912335778839477,2.278275756938876,2.3358342716266685,2.6816205426894353,2.857094409262013,3.0192080126038987,3.158852696304775,3.8451885459497737,3.8851426801561812,3.993949995027087,4.225387538800745,4.287237941305176,4.562448439878442,4.721341857947328,4.8498272585146465,4.917274520568119,4.929354314107462,5.1335084198965575,5.201964591227767,5.224439135803232,5.40827410899226,5.526773262299984,5.566143705368716,5.727923401207111,5.839229156610725,5.9542632741310975,6.167566639694267,6.171318141357125,6.214505375062292,6.33554443345673,6.738532997853298,6.874090309412436,7.165234209899322,7.459971451448493,7.579944813711908,7.80905464703931,7.816688314492885,8.043526660711388,8.050074822680147,8.15359923100803,8.560874245862957,8.561193701847689,8.562338116569487,8.7930863645789,8.812429916111942,8.86174004702023,8.907502618345145,8.947570172395583,9.196761471563816,9.72484050590854,9.820075421982953,9.856250877366673,10.35533217494485,10.75051894997663,10.877107255843823,11.179792345562678,11.608904756164842,11.68158292787777,11.895508141210087,12.088930221061826,12.108123564356097,12.323636269396255,12.415980374080888,12.497824768520674,12.87020510847674,12.994982991309005,13.296010067977466,13.358731789735529,14.167839309233946,14.259324791616773,14.57077226176466,14.641522409564987,14.68962849329346,14.888302091168153,14.974198061809766,14.977487958487632,14.978935647694374,14.987730820773653,15.110404245663416,15.143827999955061,15.26948470352569,15.486126702637517,15.821913033502453,15.892827983088788,15.959208735885683,16.046489203181764,16.072164858498624,16.383923765100743,16.55408975392806,16.561891570150134,16.691130946653463,16.805236843625668
0.7713774148644775,0.8761435025853629,0.9199159514471873,1.01057857864755,1.1018831460814358,1.1126338603203918,1.2788169412559154,1.3985277160894927,1.9017019985241577,2.0458877563639413,2.1127238545052793,2.1636209861419284,2.2248946007020587,2.346223193645334,2.5384406690840486,2.622815475468629,3.0791937666198614,3.1336533269354323,3.2819119584070364,3.8934823372167875,4.027495914308961,4.045693284438179,4.335835043118718,4.692393350214148,5.097421457366682,5.230669373155677,5.244863530057048,5.5152512234307585,5.833532013795452,6.2717223764320345,6.445715147337007,6.742728607497631,6.838724445692211,6.854874900052068,6.909967028611651,7.2498674084266685,7.692070150034735,8.66347211482648,9.04216359780912,9.446370479443168,9.53875063110693,9.59426450879708,9.845928604569176,9.942745841622365,10.59433660319946,10.655123522415852,10.733085278018754,10.748401280662256,10.762554116634364,11.049477966472919,11.256865443950563,11.277670286225158,11.372499341812842,11.56409196225976,11.891260804836799,12.079519791963925,12.268436772958506,12.302131445263495,12.550280392144684,12.588352889906124,12.683594823055023,13.207599978807862,13.343652250137765,13.448873620094577,13.491682658760094,13.53020656971423,13.556367390425674,13.616122877327388,13.648061314674077,13.674353716357636,13.713799475338408,13.812686679780791,14.474533359642255,14.528976191751859,14.846962545873907,15.070162171132496,15.168946129939266,15.611690899673277,15.760379663381348,15.819530733516762,16.434462977605104,16.49033493165194,16.712429978511995,16.75717675060866,18.247845775386377,18.426017350094895,18.888925258489735,19.454821900138104,19.72938346881132,20.108885575061194,20.131481116978062,20.752902091880205,21.220092882053017,21.38452655624332,21.78110469565806,21.91134126149172,22.34380230196263,22.469418507428994,22.519744219257458,22.963390162731326
0.12862677382118948,1.4641442743088844,3.6313118623164184,3.7830964481684837,3.8409689476292437,4.697768205723074,5.320791164477188,5.401916144730441,5.876707130550159,6.0969662212618205,6.7174538115261395,7.135556305284374,7.331453131331433,7.337375159091292,7.342241221474402,7.461125810239646,8.180198669986325,9.699391516498522,9.902469795769667,10.565572085448146,10.976983139035813,10.981154546110728,11.112390395089616,11.130244373143578,11.203700238424227,11.29865716353316,11.401893573456862,11.710401139779025,12.750012600200327,12.939631728783867,13.347335624671265,13.637316213493152,13.680159254937365,13.968654253632621,14.019520748914378,14.158113974263795,14.449210263611047,14.482478415436663,14.500094354283906,14.56551382216035,14.791534878074897,14.833179718268743,14.862030480306137,15.042336760594315,15.055951329472194,15.11985289348384,15.121841303374083,15.13792937416716,15.447823658694602,15.548591182387309,15.913468824665276,16.1581238977993,16.215314455704036,16.23030191491872,16.40360171530861,16.5085713291381,16.512366472246168,16.72136845945567,16.73067370800818,16.81128814239181,16.97599737036804,16.982945193313075,17.04880668882529,17.06033313862725,17.134883053143543,17.439693219832247,18.529133402557186,18.76947234730568,18.806044752582345,19.063288562255938,20.16546114722396,20.427161843114984,20.470953268759704,20.47542140821558,20.544855094514222,21.039043744037592,21.16457617375076,21.368391992096235,22.603757504681905,22.957847570811566,22.974643833009473,23.187899708219806,23.291684071767012,23.564515337052132,23.600395187430923,23.843613789985547,23.927434830603755,25.66204317591294,26.239360403739248,26.378203157466444,26.507076390406365,26.522593244916724,26.61997308182199,26.620394585971503,26.777659685893614,26.80874428324668,26.944040968975106,26.949617838283036,27.019430145930972,27.19881956522932
0.08025607815144462,0.27271664674188484,0.32309037034132415,0.377403254657977,0.45958008236239334,0.829422677232881,1.1682318248530401,1.1896911552482943,1.2970584179328424,1.3397035879023984,1.4785920025414412,1.6098700004578663,1.8381148793035602,1.8947690256364818,1.999716900464571,2.4065734240968477,2.6682395626599313,2.8037434799738934,3.2197105182747805,3.384048060159253,3.729956695614376,4.090339835196898,4.191051638020983,4.339657875022255,4.429012239087645,4.43154382725327,4.526727395717925,4.544816757036912,4.742794221392718,4.804966381098915,4.914525270607219,4.9258454928379125,4.953518034430757,5.163196428189381,5.365702841053756,5.432945323309639,5.527927023901398,5.566032967047718,5.598159187088317,5.607123574902879,5.953077677131297,5.968012847497633,5.9894970358391735,6.094846585776003,6.13883687623069,6.149027873907403,6.22528322985346,6.249663961130262,6.330662658904641,6.457893309126142,6.6545786166839935,6.761271749754602,6.960479710235231,7.013469055558264,7.083339080587935,7.192057036302274,7.208751359578538,7.2433153854508205,7.545464144336372,7.563448882796399,7.854839101880565,7.915989517691301,8.098236162363946,8.151583243818662,8.398603689374182,8.699803013988632,8.709248651963755,9.041891103560147,9.061489093900013,9.067580676482244,9.089604460637503,9.138366777021679,9.23450597531004,9.421180991382021,9.547514840433204,9.739978977443908,9.75851195004725,9.86754200960228,9.963924495271234,10.15328972249161,10.249617548915824,10.444167828705691,10.68894722641934,10.787628962800863,10.88908290745578,11.177731192883444,11.525350275799843,11.870186969025022,11.906546945063047,12.230319678364971,12.327434774535265,12.624076333901355,12.737745854324489,12.822175065080645,12.86825728113488,12.873846489961906,12.969023913067984,13.201675267454291,13.370264264811127,13.762866403642917
0.7340105364209647,1.1344745275075323,1.25800475442928,1.7002511559179196,1.9560296795799896,2.2694159976997548,2.314730667801405,2.4414823039264895,2.743282903490257,3.69199644195987,3.9801028416505573,4.003287104472217,4.085255861515189,4.406947885835364,4.499360806896112,4.930245326752242,4.953872458026592,5.0298508629068825,5.105186999245873,5.584083719053232,5.730973522449609,5.73816115129922,6.152023981864726,6.44540619233001,7.089406676567444,7.091964593364525,7.157506839682348,7.163153562212379,7.347526595200019,7.673943527358367,7.804874775555873,8.04337136170183,8.308596479038794,8.344164129199546,8.644493915847423,8.756616183531879,9.090468890705342,9.167319192230831,9.507574040082027,9.637115648607638,9.703972658754626,9.772889291974092,9.848918303899561,9.97798934694895,10.001411434502106,10.010711412722314,10.015090563176157,10.589965121206344,10.682172538169638,10.726034531124224,11.432716929294592,11.466098741852147,11.726320527363598,12.041190794834394,12.398186496301243,12.451977897030035,12.633322523538538,12.749214746239334,12.995538602347354,13.22796944716994,13.440139183653073,13.546844356756923,13.764190672494983,13.838544389508163,14.32105764249855,14.365430048155886,14.768839901843192,15.036029631309644,15.07234682300279,15.138162516276369,15.186533581939948,15.248825104340458,15.26395617869812,15.367878512904575,15.643429614676231,15.695003080120895,16.806870353865726,16.891633452934126,17.19687163813062,17.535727337056326,17.896863831181335,18.722514899673193,19.629363130923064,19.754129068605803,20.029603980961113,20.164442012765985,20.437628470075275,20.594005087283,20.95269636098661,21.183456299531354,21.321026247077196,21.46279812716956,21.545752773223636,21.72329116773385,21.828839738621895,21.848264783464728,21.955598355614658,22.05632038892257,22.2067132786599,22.281820253105657
0.1523072132226041,0.631847247789295,0.7637754783588929,1.0139262721556677,1.776238562440167,1.8284144056827063,1.9804572543578645,2.0808870288491037,2.305787816643996,2.313012525767238,2.520728326175436,2.623534435102297,3.015244536136098,3.0949883926502495,3.22260176170251,3.3603760318082396,3.6096712822942543,3.913516027155733,3.918598071019904,4.065260409525777,4.443113628914632,5.2495860298459975,5.260718488667716,5.4360194885730335,5.637877731352214,6.0716970501181775,6.510523229294642,6.591124596942143,6.961083117188133,7.050132953687831,8.726237558505554,8.811630403431307,9.047793035234763,9.413364251735512,10.16981333333295,10.455061910564424,10.536058389259468,10.629166022550859,10.718586734236833,10.774070600660389,10.904697324453227,11.1413610470816,11.146486009644477,11.192139365361687,11.305420613382761,11.342791381953402,11.361747153525847,11.535426953286784,11.679977691640643,11.967712855630843,12.19990170698459,12.217054986966183,12.29912475243955,12.43156940199421,12.465817782716908,12.825606467055328,12.882473581350528,12.98331263493362,12.997976521048333,13.060334721001801,13.186211408450298,13.210815519826197,13.314504640519827,13.65116012354584,13.788002826076037,13.80392415713584,13.850423273188415,13.859983387716802,13.86337145005819,13.951915351901752,13.967591078662272,14.049028788174054,14.1849905416222,14.205150222435464,14.27082275189393,14.650558718261935,14.676635724393169,14.905391482739624,15.167556739004713,15.259536990288716,15.775038372315748,16.250047042447612,16.596442455756975,17.01602061071824,17.111282246881075,17.151247225219336,17.452206843347994,17.6850542586842,17.75242849929678,17.8115373281786,17.86428859608109,19.290769217264216,19.358080512998225,19.861126776229685,20.17259302621108,20.175306516420672,20.665654453831344,20.858003142946707,20.888539376566573,21.180837113285225
0.9262091601572162,1.2408427035295997,1.2505438306957166,1.3821630487499523,1.383914941767842,2.221865306368751,2.2710558786150807,2.7327535466050423,2.912210476622254,3.213136537480438,3.4259285391003433,3.442896733111459,3.6412885201829,3.672400144764021,3.75331379345353,3.8110109134254273,3.993956846432099,5.085491446056612,5.324593544188647,5.729656235436929,5.954136844605543,6.136628916912165,6.392911433718091,6.798965667027937,6.821642379375605,7.373972205333666,7.770607072130487,8.015472283916846,8.069036476496297,8.272669846237196,8.284019283908268,8.50213508162135,10.655395020036668,10.737734896807783,11.202888797433042,11.664625233427113,11.93963939828632,13.174861295983385,13.248856913119269,14.23587451564787,14.247694256878797,14.537332467023184,14.543629499442567,15.007111925259268,15.046742221048792,15.1949579692736,16.167876595263582,16.174903902445028,16.28854516975093,16.32102998828637,16.531329025493807,16.662058968131443,17.693611145333968,18.05635271576934,18.16408725963322,18.39335745057197,18.42498508418773,18.46574749314083,18.48786049831148,18.524895133052436,18.57778599804533,18.636133800275186,18.806732254292204,19.143299428655702,19.62370474013195,19.803528612517116,19.959738937025527,19.964909587818894,19.976528823750993,20.142381481895395,20.185055590771878,20.333139321780983,20.452646185237594,20.902292058899466,20.910857516497302,21.269193230913345,21.37749205928042,21.486576628936913,21.650109087683852,21.780185188428177,22.001293009746863,22.010229659047408,22.041535834808982,22.27339113829954,22.36350993228506,22.472820789725258,22.629732784853402,22.665895978541514,22.764530795489446,22.859526702839315,22.883697041606933,23.072468069479118,23.08565808718606,23.34764259726588,23.362362784484148,23.438699771168057,23.465838611740818,23.53448765013023,23.708473482577897,24.109839683726264
0.2963810157218633,0.3794399528282353,0.6995332486099575,0.7471203350285168,1.1246324578815903,1.1862637175733364,1.4023184393165553,1.682260547592104,1.7181355640582239,1.9657710925126248,2.0282875522924972,2.0634097165897596,2.2149462901797525,3.044059993867884,3.119989938180419,3.124465273157299,3.673281861604774,4.000193208962697,4.159055895664082,4.501452391740188,4.835018792363315,4.973729745053086,5.895127794901552,6.007631917090783,6.0356414517518235,6.072581334789113,6.363897650370466,6.515787063461858,6.923779985104049,6.969984379284993,7.062819592950907,7.097434349025509,7.113045635419445,7.137912512504759,7.3188296354518485,7.505366096808276,7.667884955597417,7.820875074452245,7.894636064442406,8.217992327120639,8.434544624741507,8.603165098848779,8.711752980358686,8.83350846842137,9.23271113622024,9.350848117211846,9.352824116048637,9.362349577264052,9.59916877215631,9.866978569403264,10.24431777163643,10.282953237086172,10.346058041537157,10.97098105075897,11.371680813076521,11.430303184184462,11.681238487876506,11.859222297995649,12.20946785050177,12.752962813200224,12.78439215232439,12.903422062537794,13.17838425729336,15.74555249311847,15.74791613804237,16.24994513303104,16.45812099905548,16.70639782904472,17.295490553968886,17.385856369258594,17.40757160762507,17.785579124228704,18.44184042686039,18.7494826021702,19.135804041769855,19.279670436281783,20.139951595581465,20.808004917059286,20.995555291762617,21.604055818938793,21.946896634291438,22.04605801965431,22.159430643396508,22.296077909491103,22.77756519578096,22.783712310604233,22.783780166494445,22.825854620927764,23.109364155248233,24.308804624584358,25.02150592760307,25.11143865765768,25.306356558118654,25.598718719853647,25.892491644449418,26.05469109648427,26.38552426203256,26.391543320554874,26.54163288783215,26.676765083236283
0.1460609287129973,0.21891636161158545,0.3891681533540893,0.6325322957786104,0.6931873959225318,0.7621969268349218,0.7801447289473824,0.8011349272353585,0.9895860714419877,1.1819203478419418,1.720122235204828,2.347159559256035,2.3924636921303217,2.9027701238098977,3.0846256359465123,3.0918712654870792,3.8418389894540597,4.08178418253552,4.4042654434019575,4.519593583940135,4.5319331435221795,4.559097350451994,5.744970607766399,5.8634917401877376,5.886084795545655,6.26628581743969,7.296854617573409,7.678977575997584,7.8541474064968035,8.024247961819126,8.450489896467857,8.496012149794689,8.737402202410605,9.001000713168555,9.094166727600285,9.714002813554679,9.88884567713294,10.157821355757267,10.259054683988998,10.407890999713727,10.429801549026163,10.462651018560614,10.593334120188905,10.628602375371896,10.636493772263334,10.772203036589348,10.935897140642414,11.103533446095685,11.335586206903931,11.567869230347616,11.604340741675415,11.722745970999418,11.767973924415458,12.031932188730137,12.083540442944832,12.125898691687288,12.237562229348125,12.318291683495872,12.599028230774023,13.255490951210922,13.29329759485744,13.552665218874901,13.620891687685685,13.70069619275139,13.8131766150594,14.003270058565414,14.051115458133067,14.510542769618027,14.61035534742012,14.65658908658111,14.724663892039725,14.857204322729315,14.8947314583986,16.106802250860035,16.417750853224636,17.426453657566498,17.47376805580317,17.60361712388188,17.68648559023408,17.766898455017184,18.108526165883596,18.47404965927644,18.738246552390734,18.755095761082696,19.02795930283388,19.393624804815403,19.483724851868146,19.499895570894218,19.55734148992591,19.769149707679762,19.96324703253863,20.357271972620463,20.675107012396538,20.810918434258724,21.089276594216017,21.24201838097709,21.444478741236406,21.670315702952156,22.475755196328404,22.572909350372548
